2021-12-01T23:38:43.005+09:00,eobeom,IdeState,Active,Java,Popup,E:/Java/src/FactorialMain.java,FactorialMain::main,3,44,Default task
2021-12-01T23:38:43.674+09:00,eobeom,Action,RunClass,Java,Editor,E:/Java/src/FactorialMain.java,FactorialMain::main,3,44,Default task
2021-12-01T23:38:44.060+09:00,eobeom,IdeState,Active,Java,Editor,E:/Java/src/FactorialMain.java,FactorialMain::main,3,44,Default task
2021-12-01T23:38:45.086+09:00,eobeom,IdeState,Active,Java,Editor,E:/Java/src/FactorialMain.java,FactorialMain::main,3,44,Default task
2021-12-01T23:38:46.089+09:00,eobeom,IdeState,Active,Java,Editor,E:/Java/src/FactorialMain.java,FactorialMain::main,3,44,Default task
2021-12-01T23:38:47.094+09:00,eobeom,IdeState,Active,Java,Editor,E:/Java/src/FactorialMain.java,FactorialMain::main,3,44,Default task
2021-12-01T23:38:48.107+09:00,eobeom,IdeState,Active,Java,Editor,E:/Java/src/FactorialMain.java,FactorialMain::main,3,44,Default task
2021-12-01T23:38:49.121+09:00,eobeom,IdeState,Active,Java,Editor,E:/Java/src/FactorialMain.java,FactorialMain::main,3,44,Default task
2021-12-01T23:38:50.131+09:00,eobeom,IdeState,Active,Java,Editor,E:/Java/src/FactorialMain.java,FactorialMain::main,3,44,Default task
2021-12-01T23:38:51.136+09:00,eobeom,IdeState,Inactive,,,,,-1,-1,
2021-12-01T23:38:52.148+09:00,eobeom,IdeState,Active,Java,Popup,E:/Java/src/FactorialMain.java,FactorialMain::main,3,44,Default task
2021-12-01T23:38:52.621+09:00,eobeom,Action,Start/Stop Activity Tracking,,,,,-1,-1,
